<?xml version = '1.0' encoding = 'UTF-8'?>
<Diagram class="oracle.dbtools.crest.swingui.relational.DPVRelational" name="Relational_1" id="F9E5B921-B729-0B4E-1BA8-706E98FA62B8">
<createdBy>wra1th</createdBy>
<modifiedBy>wra1th</modifiedBy>
<createdTime>2017-04-18 23:07:06 UTC</createdTime>
<autoRoute>false</autoRoute>
<boxInbox>true</boxInbox>
<showLegend>false</showLegend>
<showLabels>false</showLabels>
<showRelAttributes>false</showRelAttributes>
<gridEnabled>false</gridEnabled>
<showGrid>false</showGrid>
<diagramColor>-1</diagramColor>
<display>false</display>
<notation>1</notation>
<objectViews>
<OView class="oracle.dbtools.crest.swingui.relational.TVTable" oid="01A88550-6DE2-0864-9EEA-582CDF2C3CF9" otype="Table" vid="58D33AC8-2D6E-D718-C930-28D0231F9675">
<hideElementsInCurrentOnly>false</hideElementsInCurrentOnly>
<bounds x="651" y="398" width="200" height="121"/>
</OView>
<OView class="oracle.dbtools.crest.swingui.relational.TVTable" oid="14C1BF1B-E59A-6142-3DA4-9A09B8B3103E" otype="Table" vid="90D432E0-FB8B-8D8A-614B-1A823BF84DCA">
<hideElementsInCurrentOnly>false</hideElementsInCurrentOnly>
<bounds x="866" y="2" width="244" height="169"/>
</OView>
<OView class="oracle.dbtools.crest.swingui.relational.TVTable" oid="162436A8-ED11-07DC-1E51-4CCE57D388EF" otype="Table" vid="18BD1B73-B3B5-377F-205A-EC5C6C55C856">
<hideElementsInCurrentOnly>false</hideElementsInCurrentOnly>
<bounds x="28" y="22" width="205" height="135"/>
</OView>
<OView class="oracle.dbtools.crest.swingui.relational.TVTable" oid="47EFC418-3964-EA56-2D2D-3404D11611B5" otype="Table" vid="3880CAB0-9957-FE49-A87F-39A990B6F803">
<hideElementsInCurrentOnly>false</hideElementsInCurrentOnly>
<bounds x="895" y="319" width="323" height="140"/>
</OView>
<OView class="oracle.dbtools.crest.swingui.relational.TVTable" oid="4A9F12FF-0A2B-0DD1-8BD3-167A57288F04" otype="Table" vid="D43FF6AD-25AE-80F1-B293-2CADA8B65457">
<hideElementsInCurrentOnly>false</hideElementsInCurrentOnly>
<bounds x="1182" y="213" width="156" height="68"/>
</OView>
<OView class="oracle.dbtools.crest.swingui.relational.TVTable" oid="4E664424-0C28-61BD-AF2F-B263C3E45A01" otype="Table" vid="4414D3ED-E40D-80CE-D6CF-6372073DC9EC">
<hideElementsInCurrentOnly>false</hideElementsInCurrentOnly>
<bounds x="656" y="314" width="185" height="71"/>
</OView>
<OView class="oracle.dbtools.crest.swingui.relational.TVTable" oid="8B8CA9FA-571E-3F04-AAE3-929A3B235030" otype="Table" vid="43B36BB2-1F1F-C78A-E23F-C705675E1D39">
<hideElementsInCurrentOnly>false</hideElementsInCurrentOnly>
<bounds x="1265" y="32" width="238" height="134"/>
</OView>
<OView class="oracle.dbtools.crest.swingui.relational.TVTable" oid="C1CBA513-055E-E5E6-E3E9-0515D304C151" otype="Table" vid="6BEC63A0-A6F1-F02C-90C4-F13C3B74805A">
<hideElementsInCurrentOnly>false</hideElementsInCurrentOnly>
<bounds x="341" y="324" width="235" height="152"/>
</OView>
<OView class="oracle.dbtools.crest.swingui.relational.TVTable" oid="E00F716D-CCA2-B6C5-2A32-6FFE8133216B" otype="Table" vid="BA61CD98-3F3D-E43D-9296-4917AC0D3DD8">
<hideElementsInCurrentOnly>false</hideElementsInCurrentOnly>
<bounds x="12" y="298" width="296" height="93"/>
</OView>
<OView class="oracle.dbtools.crest.swingui.relational.TVTable" oid="EBF94A4F-D084-A6B4-1663-DC6990BB0A75" otype="Table" vid="0CAB31D8-0E74-1D28-211C-4D332C206808">
<hideElementsInCurrentOnly>false</hideElementsInCurrentOnly>
<bounds x="883" y="187" width="224" height="94"/>
</OView>
<OView class="oracle.dbtools.crest.swingui.relational.TVTable" oid="F1550B00-41E5-27B8-DCD6-E684CC1DB070" otype="Table" vid="6A912BC3-1246-5886-AA0F-669B1CF5E240">
<hideElementsInCurrentOnly>false</hideElementsInCurrentOnly>
<bounds x="1273" y="338" width="197" height="78"/>
</OView>
<OView class="oracle.dbtools.crest.swingui.relational.TVTable" oid="FBCD84AE-F771-3D3F-202B-F666F2971326" otype="Table" vid="69CC8CDE-3F5F-B902-22C3-8D5807AC4504">
<hideElementsInCurrentOnly>false</hideElementsInCurrentOnly>
<bounds x="410" y="57" width="232" height="156"/>
</OView>
</objectViews>
<connectors>
<Connector class="oracle.dbtools.crest.swingui.relational.TVFKRelation" oid="0D6A382F-59DC-06A9-315F-2A3CD50C7B18" otype="FKIndexAssociation" vid_source="18BD1B73-B3B5-377F-205A-EC5C6C55C856" vid_target="90D432E0-FB8B-8D8A-614B-1A823BF84DCA">
<hideElementsInCurrentOnly>false</hideElementsInCurrentOnly>
<lineWidth>1</lineWidth>
<points>
<point x="233" y="43"/>
<point x="866" y="43"/>
</points>
</Connector>
<Connector class="oracle.dbtools.crest.swingui.relational.TVFKRelation" oid="30D77CAC-A8B8-A759-040B-D86DC631396C" otype="FKIndexAssociation" vid_source="69CC8CDE-3F5F-B902-22C3-8D5807AC4504" vid_target="6BEC63A0-A6F1-F02C-90C4-F13C3B74805A">
<hideElementsInCurrentOnly>false</hideElementsInCurrentOnly>
<lineWidth>1</lineWidth>
<points>
<point x="493" y="213"/>
<point x="493" y="324"/>
</points>
</Connector>
<Connector class="oracle.dbtools.crest.swingui.relational.TVFKRelation" oid="3694A8C7-6608-ED7D-CAE7-CC72CE952562" otype="FKIndexAssociation" vid_source="58D33AC8-2D6E-D718-C930-28D0231F9675" vid_target="3880CAB0-9957-FE49-A87F-39A990B6F803">
<hideElementsInCurrentOnly>false</hideElementsInCurrentOnly>
<lineWidth>1</lineWidth>
<points>
<point x="851" y="428"/>
<point x="895" y="428"/>
</points>
</Connector>
<Connector class="oracle.dbtools.crest.swingui.relational.TVFKRelation" oid="69C18C4E-6EE4-0245-7259-74BB3DBE6091" otype="FKIndexAssociation" vid_source="18BD1B73-B3B5-377F-205A-EC5C6C55C856" vid_target="69CC8CDE-3F5F-B902-22C3-8D5807AC4504">
<hideElementsInCurrentOnly>false</hideElementsInCurrentOnly>
<lineWidth>1</lineWidth>
<points>
<point x="233" y="107"/>
<point x="410" y="107"/>
</points>
</Connector>
<Connector class="oracle.dbtools.crest.swingui.relational.TVFKRelation" oid="7059136A-5BC2-FCB7-F4C1-A51EBBB3A748" otype="FKIndexAssociation" vid_source="18BD1B73-B3B5-377F-205A-EC5C6C55C856" vid_target="BA61CD98-3F3D-E43D-9296-4917AC0D3DD8">
<hideElementsInCurrentOnly>false</hideElementsInCurrentOnly>
<lineWidth>1</lineWidth>
<points>
<point x="130" y="157"/>
<point x="130" y="298"/>
</points>
</Connector>
<Connector class="oracle.dbtools.crest.swingui.relational.TVFKRelation" oid="75857449-8111-6BC5-78AE-CAC75DE38802" otype="FKIndexAssociation" vid_source="4414D3ED-E40D-80CE-D6CF-6372073DC9EC" vid_target="6BEC63A0-A6F1-F02C-90C4-F13C3B74805A">
<hideElementsInCurrentOnly>false</hideElementsInCurrentOnly>
<lineWidth>1</lineWidth>
<points>
<point x="656" y="354"/>
<point x="576" y="354"/>
</points>
</Connector>
<Connector class="oracle.dbtools.crest.swingui.relational.TVFKRelation" oid="8A3A4461-F23D-6DBE-9A1F-BA553461187E" otype="FKIndexAssociation" vid_source="69CC8CDE-3F5F-B902-22C3-8D5807AC4504" vid_target="90D432E0-FB8B-8D8A-614B-1A823BF84DCA">
<hideElementsInCurrentOnly>false</hideElementsInCurrentOnly>
<lineWidth>1</lineWidth>
<points>
<point x="642" y="114"/>
<point x="866" y="114"/>
</points>
</Connector>
<Connector class="oracle.dbtools.crest.swingui.relational.TVFKRelation" oid="AD95E5FC-CD66-B1CA-641B-4DF35DCB103C" otype="FKIndexAssociation" vid_source="4414D3ED-E40D-80CE-D6CF-6372073DC9EC" vid_target="3880CAB0-9957-FE49-A87F-39A990B6F803">
<hideElementsInCurrentOnly>false</hideElementsInCurrentOnly>
<lineWidth>1</lineWidth>
<points>
<point x="841" y="352"/>
<point x="895" y="352"/>
</points>
</Connector>
<Connector class="oracle.dbtools.crest.swingui.relational.TVFKRelation" oid="B20C0F5C-32A3-9B08-41B7-EC9F9BCA192F" otype="FKIndexAssociation" vid_source="69CC8CDE-3F5F-B902-22C3-8D5807AC4504" vid_target="0CAB31D8-0E74-1D28-211C-4D332C206808">
<hideElementsInCurrentOnly>false</hideElementsInCurrentOnly>
<lineWidth>1</lineWidth>
<points>
<point x="642" y="200"/>
<point x="883" y="200"/>
</points>
</Connector>
<Connector class="oracle.dbtools.crest.swingui.relational.TVFKRelation" oid="BD285097-8B93-34DD-6DE1-AE28BE6CD33F" otype="FKIndexAssociation" vid_source="18BD1B73-B3B5-377F-205A-EC5C6C55C856" vid_target="6BEC63A0-A6F1-F02C-90C4-F13C3B74805A">
<hideElementsInCurrentOnly>false</hideElementsInCurrentOnly>
<lineWidth>1</lineWidth>
<points>
<point x="201" y="157"/>
<point x="378" y="324"/>
</points>
</Connector>
<Connector class="oracle.dbtools.crest.swingui.relational.TVFKRelation" oid="CB214AF5-18B3-9869-D3BC-26628E6B494A" otype="FKIndexAssociation" vid_source="D43FF6AD-25AE-80F1-B293-2CADA8B65457" vid_target="0CAB31D8-0E74-1D28-211C-4D332C206808">
<hideElementsInCurrentOnly>false</hideElementsInCurrentOnly>
<lineWidth>1</lineWidth>
<points>
<point x="1182" y="247"/>
<point x="1107" y="247"/>
</points>
</Connector>
<Connector class="oracle.dbtools.crest.swingui.relational.TVFKRelation" oid="CF8718DF-1744-C80E-28A2-B9082DB945C1" otype="FKIndexAssociation" vid_source="6A912BC3-1246-5886-AA0F-669B1CF5E240" vid_target="43B36BB2-1F1F-C78A-E23F-C705675E1D39">
<hideElementsInCurrentOnly>false</hideElementsInCurrentOnly>
<lineWidth>1</lineWidth>
<points>
<point x="1371" y="338"/>
<point x="1371" y="166"/>
</points>
</Connector>
</connectors>
</Diagram>