<?xml version = '1.0' encoding = 'UTF-8'?>
<Table class="oracle.dbtools.crest.model.design.relational.Table" directorySegmentName="seg_0" id="14C1BF1B-E59A-6142-3DA4-9A09B8B3103E" name="RESOURCE">
<createdBy>wra1th</createdBy>
<createdTime>2017-04-18 23:19:56 UTC</createdTime>
<ownerDesignName>Rel_model</ownerDesignName>
<ordsAlias>table_5</ordsAlias>
<allowColumnReorder>false</allowColumnReorder>
<existDependencyGenerateInDDl>true</existDependencyGenerateInDDl>
<parsed>true</parsed>
<columns itemClass="oracle.dbtools.crest.model.design.relational.Column">
<Column name="Check_In_Desk_No" id="19742751-3116-CE41-2050-B92183EA949E">
<createdBy>wra1th</createdBy>
<createdTime>2017-04-18 23:21:21 UTC</createdTime>
<ownerDesignName>Rel_model</ownerDesignName>
<useDomainConstraints>false</useDomainConstraints>
<use>1</use>
<logicalDatatype>LOGDT011</logicalDatatype>
<ownDataTypeParameters>,,</ownDataTypeParameters>
<autoIncrementCycle>false</autoIncrementCycle>
</Column>
<Column name="Baggage_Claim_No" id="7F69DCD7-B3C5-EC39-D03E-B006073C3A65">
<createdBy>wra1th</createdBy>
<createdTime>2017-04-18 23:21:21 UTC</createdTime>
<ownerDesignName>Rel_model</ownerDesignName>
<nullsAllowed>true</nullsAllowed>
<useDomainConstraints>false</useDomainConstraints>
<use>1</use>
<logicalDatatype>LOGDT011</logicalDatatype>
<ownDataTypeParameters>,,</ownDataTypeParameters>
<autoIncrementCycle>false</autoIncrementCycle>
</Column>
<Column name="Departure_Gate_No" id="FB9FEE30-6890-1EFB-59B7-9E9E0FDD4A5F">
<createdBy>wra1th</createdBy>
<createdTime>2017-04-18 23:21:21 UTC</createdTime>
<ownerDesignName>Rel_model</ownerDesignName>
<nullsAllowed>true</nullsAllowed>
<useDomainConstraints>false</useDomainConstraints>
<use>1</use>
<logicalDatatype>LOGDT011</logicalDatatype>
<ownDataTypeParameters>,,</ownDataTypeParameters>
<autoIncrementCycle>false</autoIncrementCycle>
</Column>
<Column name="Air_Bridge_No" id="0F0F1F6F-9D39-0F25-B02D-465BC79D620C">
<createdBy>wra1th</createdBy>
<createdTime>2017-04-18 23:21:21 UTC</createdTime>
<ownerDesignName>Rel_model</ownerDesignName>
<nullsAllowed>true</nullsAllowed>
<useDomainConstraints>false</useDomainConstraints>
<use>1</use>
<logicalDatatype>LOGDT011</logicalDatatype>
<ownDataTypeParameters>,,</ownDataTypeParameters>
<autoIncrementCycle>false</autoIncrementCycle>
</Column>
<Column name="Flight_no" id="77FE908B-EAF3-0130-7329-ACDF6F8F92AA">
<createdBy>wra1th</createdBy>
<createdTime>2017-04-18 23:21:21 UTC</createdTime>
<ownerDesignName>Rel_model</ownerDesignName>
<useDomainConstraints>false</useDomainConstraints>
<use>1</use>
<logicalDatatype>LOGDT011</logicalDatatype>
<ownDataTypeParameters>,,</ownDataTypeParameters>
<autoIncrementCycle>false</autoIncrementCycle>
<associations>
<colAssociation fkAssociation="0D6A382F-59DC-06A9-315F-2A3CD50C7B18" referredColumn="F351325A-3647-277E-EACF-ABAF312ED3A9"/>
</associations>
</Column>
<Column name="Date" id="0F788ED0-8F16-F5CA-B981-12DE20782D99">
<createdBy>wra1th</createdBy>
<createdTime>2017-04-18 23:21:34 UTC</createdTime>
<ownerDesignName>Rel_model</ownerDesignName>
<useDomainConstraints>false</useDomainConstraints>
<use>1</use>
<logicalDatatype>LOGDT007</logicalDatatype>
<ownDataTypeParameters>,,</ownDataTypeParameters>
<autoIncrementCycle>false</autoIncrementCycle>
<associations>
<colAssociation fkAssociation="8A3A4461-F23D-6DBE-9A1F-BA553461187E" referredColumn="5FE256D7-E038-9DFF-F135-956E1CBE0387"/>
</associations>
</Column>
</columns>
<indexes itemClass="oracle.dbtools.crest.model.design.relational.Index">
<ind_PK_UK id="BF53E646-6D01-04FC-A58E-C945C2861793" name="RESOURCE_PK">
<createdBy>wra1th</createdBy>
<createdTime>2017-04-18 23:29:08 UTC</createdTime>
<ownerDesignName>Rel_model</ownerDesignName>
<pk>true</pk>
<indexState>Primary Constraint</indexState>
<isSurrogateKey>false</isSurrogateKey>
<indexColumnUsage>
<colUsage columnID="19742751-3116-CE41-2050-B92183EA949E"/>
</indexColumnUsage>
</ind_PK_UK>
<ind_PK_UK id="94709C16-96F0-E11C-3A91-F945336654C7" name="RESOURCE_FLIGHT_FK">
<createdBy>wra1th</createdBy>
<createdTime>2017-04-18 23:29:08 UTC</createdTime>
<ownerDesignName>Rel_model</ownerDesignName>
<indexState>Foreign Key</indexState>
<isSurrogateKey>false</isSurrogateKey>
<indexColumnUsage>
<colUsage columnID="77FE908B-EAF3-0130-7329-ACDF6F8F92AA"/>
</indexColumnUsage>
</ind_PK_UK>
<ind_PK_UK id="7C91000F-C59A-32AD-1188-7DF409D75AED" name="RESOURCE_FLIGHT_INSTANCE_FK">
<createdBy>wra1th</createdBy>
<createdTime>2017-04-18 23:29:08 UTC</createdTime>
<ownerDesignName>Rel_model</ownerDesignName>
<indexState>Foreign Key</indexState>
<isSurrogateKey>false</isSurrogateKey>
<indexColumnUsage>
<colUsage columnID="0F788ED0-8F16-F5CA-B981-12DE20782D99"/>
</indexColumnUsage>
</ind_PK_UK>
</indexes>
</Table>