<?xml version = '1.0' encoding = 'UTF-8'?>
<Table class="oracle.dbtools.crest.model.design.relational.Table" directorySegmentName="seg_0" id="162436A8-ED11-07DC-1E51-4CCE57D388EF" name="FLIGHT">
<createdBy>wra1th</createdBy>
<createdTime>2017-04-18 23:12:06 UTC</createdTime>
<ownerDesignName>Rel_model</ownerDesignName>
<ordsAlias>table_2</ordsAlias>
<allowColumnReorder>false</allowColumnReorder>
<existDependencyGenerateInDDl>true</existDependencyGenerateInDDl>
<parsed>true</parsed>
<columns itemClass="oracle.dbtools.crest.model.design.relational.Column">
<Column name="Flight_No" id="F351325A-3647-277E-EACF-ABAF312ED3A9">
<createdBy>wra1th</createdBy>
<createdTime>2017-04-18 23:13:45 UTC</createdTime>
<ownerDesignName>Rel_model</ownerDesignName>
<useDomainConstraints>false</useDomainConstraints>
<use>1</use>
<logicalDatatype>LOGDT011</logicalDatatype>
<ownDataTypeParameters>,,</ownDataTypeParameters>
<autoIncrementCycle>false</autoIncrementCycle>
</Column>
<Column name="Airline" id="A30BBD09-12F7-2566-E57C-3BCDB1D4BD3C">
<createdBy>wra1th</createdBy>
<createdTime>2017-04-18 23:16:25 UTC</createdTime>
<ownerDesignName>Rel_model</ownerDesignName>
<nullsAllowed>true</nullsAllowed>
<useDomainConstraints>false</useDomainConstraints>
<use>1</use>
<logicalDatatype>LOGDT024</logicalDatatype>
<dataTypeSize>20</dataTypeSize>
<ownDataTypeParameters>20,,</ownDataTypeParameters>
<autoIncrementCycle>false</autoIncrementCycle>
</Column>
<Column name="Seat_Capacity" id="4594C427-4353-1C81-220C-CE0DDBE1F7FF">
<createdBy>wra1th</createdBy>
<createdTime>2017-04-18 23:16:25 UTC</createdTime>
<ownerDesignName>Rel_model</ownerDesignName>
<nullsAllowed>true</nullsAllowed>
<useDomainConstraints>false</useDomainConstraints>
<use>1</use>
<logicalDatatype>LOGDT011</logicalDatatype>
<ownDataTypeParameters>,,</ownDataTypeParameters>
<autoIncrementCycle>false</autoIncrementCycle>
</Column>
<Column name="Origin" id="976F6FD0-B076-6D16-1BC8-65C85CA4A6A2">
<createdBy>wra1th</createdBy>
<createdTime>2017-04-18 23:16:25 UTC</createdTime>
<ownerDesignName>Rel_model</ownerDesignName>
<nullsAllowed>true</nullsAllowed>
<useDomainConstraints>false</useDomainConstraints>
<use>1</use>
<logicalDatatype>LOGDT024</logicalDatatype>
<dataTypeSize>20</dataTypeSize>
<ownDataTypeParameters>20,,</ownDataTypeParameters>
<autoIncrementCycle>false</autoIncrementCycle>
</Column>
<Column name="Destination" id="0649BA12-EA5A-87DC-115E-429D418C8715">
<createdBy>wra1th</createdBy>
<createdTime>2017-04-18 23:16:25 UTC</createdTime>
<ownerDesignName>Rel_model</ownerDesignName>
<nullsAllowed>true</nullsAllowed>
<useDomainConstraints>false</useDomainConstraints>
<use>1</use>
<logicalDatatype>LOGDT024</logicalDatatype>
<dataTypeSize>20</dataTypeSize>
<ownDataTypeParameters>20,,</ownDataTypeParameters>
<autoIncrementCycle>false</autoIncrementCycle>
</Column>
<Column name="Aircraft_Type" id="E38D6D39-3E72-B961-A03D-E32D6278E22A">
<createdBy>wra1th</createdBy>
<createdTime>2017-04-18 23:16:25 UTC</createdTime>
<ownerDesignName>Rel_model</ownerDesignName>
<nullsAllowed>true</nullsAllowed>
<useDomainConstraints>false</useDomainConstraints>
<use>1</use>
<logicalDatatype>LOGDT024</logicalDatatype>
<dataTypeSize>20</dataTypeSize>
<ownDataTypeParameters>20,,</ownDataTypeParameters>
<autoIncrementCycle>false</autoIncrementCycle>
</Column>
</columns>
<indexes itemClass="oracle.dbtools.crest.model.design.relational.Index">
<ind_PK_UK id="E21427EF-3B33-BEF3-9323-1253A91EC964" name="FLIGHT_PK">
<createdBy>wra1th</createdBy>
<createdTime>2017-04-18 23:26:33 UTC</createdTime>
<ownerDesignName>Rel_model</ownerDesignName>
<pk>true</pk>
<indexState>Primary Constraint</indexState>
<isSurrogateKey>false</isSurrogateKey>
<indexColumnUsage>
<colUsage columnID="F351325A-3647-277E-EACF-ABAF312ED3A9"/>
</indexColumnUsage>
</ind_PK_UK>
</indexes>
</Table>