<?xml version = '1.0' encoding = 'UTF-8'?>
<Table class="oracle.dbtools.crest.model.design.relational.Table" directorySegmentName="seg_0" id="47EFC418-3964-EA56-2D2D-3404D11611B5" name="VENDOR_GENERATES_INVOICE">
<createdBy>wra1th</createdBy>
<createdTime>2017-04-18 23:44:41 UTC</createdTime>
<ownerDesignName>Rel_model</ownerDesignName>
<ordsAlias>table_16</ordsAlias>
<allowColumnReorder>false</allowColumnReorder>
<existDependencyGenerateInDDl>true</existDependencyGenerateInDDl>
<parsed>true</parsed>
<columns itemClass="oracle.dbtools.crest.model.design.relational.Column">
<Column name="Shop_No" id="F4871209-8F52-3835-A056-2623C2F49076">
<createdBy>wra1th</createdBy>
<createdTime>2017-04-18 23:47:06 UTC</createdTime>
<ownerDesignName>Rel_model</ownerDesignName>
<useDomainConstraints>false</useDomainConstraints>
<use>1</use>
<logicalDatatype>LOGDT011</logicalDatatype>
<ownDataTypeParameters>,,</ownDataTypeParameters>
<autoIncrementCycle>false</autoIncrementCycle>
<associations>
<colAssociation fkAssociation="3694A8C7-6608-ED7D-CAE7-CC72CE952562" referredColumn="0AFA99B3-36D9-D352-259F-5C6131991446"/>
</associations>
</Column>
<Column name="Invoice_No" id="D7F79BE7-43AA-1A03-05C5-A4405D10D811">
<createdBy>wra1th</createdBy>
<createdTime>2017-04-18 23:47:06 UTC</createdTime>
<ownerDesignName>Rel_model</ownerDesignName>
<useDomainConstraints>false</useDomainConstraints>
<use>1</use>
<logicalDatatype>LOGDT011</logicalDatatype>
<ownDataTypeParameters>,,</ownDataTypeParameters>
<autoIncrementCycle>false</autoIncrementCycle>
<associations>
<colAssociation fkAssociation="AD95E5FC-CD66-B1CA-641B-4DF35DCB103C" referredColumn="0C3341E5-07BB-4FED-B986-52A3CB04BAE5"/>
</associations>
</Column>
<Column name="Vendor_Id" id="B0849D4B-2847-FFDC-AF82-E7478960D280">
<createdBy>wra1th</createdBy>
<createdTime>2017-04-18 23:47:06 UTC</createdTime>
<ownerDesignName>Rel_model</ownerDesignName>
<useDomainConstraints>false</useDomainConstraints>
<use>1</use>
<logicalDatatype>LOGDT011</logicalDatatype>
<ownDataTypeParameters>,,</ownDataTypeParameters>
<autoIncrementCycle>false</autoIncrementCycle>
</Column>
</columns>
<indexes itemClass="oracle.dbtools.crest.model.design.relational.Index">
<ind_PK_UK id="A1F144E6-CFAA-B350-2549-A3ADEDCBD657" name="VENDOR_GENERATES_INVOICE_PK">
<createdBy>wra1th</createdBy>
<createdTime>2017-04-18 23:48:03 UTC</createdTime>
<ownerDesignName>Rel_model</ownerDesignName>
<pk>true</pk>
<indexState>Primary Constraint</indexState>
<isSurrogateKey>false</isSurrogateKey>
<indexColumnUsage>
<colUsage columnID="B0849D4B-2847-FFDC-AF82-E7478960D280"/>
</indexColumnUsage>
</ind_PK_UK>
<ind_PK_UK id="8B465DD1-6193-E900-EB1F-A106BB10F9B5" name="VENDOR_GENERATES_INVOICE_VENDOR_FK">
<createdBy>wra1th</createdBy>
<createdTime>2017-04-18 23:48:03 UTC</createdTime>
<ownerDesignName>Rel_model</ownerDesignName>
<indexState>Foreign Key</indexState>
<isSurrogateKey>false</isSurrogateKey>
<indexColumnUsage>
<colUsage columnID="F4871209-8F52-3835-A056-2623C2F49076"/>
</indexColumnUsage>
</ind_PK_UK>
<ind_PK_UK id="276F361A-6F36-35C4-64D5-F56564FBEAC1" name="VENDOR_GENERATES_INVOICE_INVOICE_FK">
<createdBy>wra1th</createdBy>
<createdTime>2017-04-18 23:48:03 UTC</createdTime>
<ownerDesignName>Rel_model</ownerDesignName>
<indexState>Foreign Key</indexState>
<isSurrogateKey>false</isSurrogateKey>
<indexColumnUsage>
<colUsage columnID="D7F79BE7-43AA-1A03-05C5-A4405D10D811"/>
</indexColumnUsage>
</ind_PK_UK>
</indexes>
</Table>