<?xml version = '1.0' encoding = 'UTF-8'?>
<Table class="oracle.dbtools.crest.model.design.relational.Table" directorySegmentName="seg_0" id="4A9F12FF-0A2B-0DD1-8BD3-167A57288F04" name="ATC">
<createdBy>wra1th</createdBy>
<createdTime>2017-04-18 23:36:18 UTC</createdTime>
<ownerDesignName>Rel_model</ownerDesignName>
<ordsAlias>table_10</ordsAlias>
<allowColumnReorder>false</allowColumnReorder>
<existDependencyGenerateInDDl>true</existDependencyGenerateInDDl>
<parsed>true</parsed>
<columns itemClass="oracle.dbtools.crest.model.design.relational.Column">
<Column name="Tower_Id" id="8C56152E-A3B7-954D-F63D-677A1CBE19D8">
<createdBy>wra1th</createdBy>
<createdTime>2017-04-18 23:36:50 UTC</createdTime>
<ownerDesignName>Rel_model</ownerDesignName>
<useDomainConstraints>false</useDomainConstraints>
<use>1</use>
<logicalDatatype>LOGDT011</logicalDatatype>
<ownDataTypeParameters>,,</ownDataTypeParameters>
<autoIncrementCycle>false</autoIncrementCycle>
</Column>
</columns>
<indexes itemClass="oracle.dbtools.crest.model.design.relational.Index">
<ind_PK_UK id="3E9A1EA1-FF59-5B0D-EC17-D3A9755CEBB5" name="ATC_PK">
<createdBy>wra1th</createdBy>
<createdTime>2017-04-18 23:36:50 UTC</createdTime>
<ownerDesignName>Rel_model</ownerDesignName>
<pk>true</pk>
<indexState>Primary Constraint</indexState>
<isSurrogateKey>false</isSurrogateKey>
<indexColumnUsage>
<colUsage columnID="8C56152E-A3B7-954D-F63D-677A1CBE19D8"/>
</indexColumnUsage>
</ind_PK_UK>
</indexes>
</Table>