<?xml version = '1.0' encoding = 'UTF-8'?>
<Table class="oracle.dbtools.crest.model.design.relational.Table" directorySegmentName="seg_0" id="4E664424-0C28-61BD-AF2F-B263C3E45A01" name="INVOICE">
<createdBy>wra1th</createdBy>
<createdTime>2017-04-18 23:33:57 UTC</createdTime>
<ownerDesignName>Rel_model</ownerDesignName>
<ordsAlias>table_8</ordsAlias>
<allowColumnReorder>false</allowColumnReorder>
<existDependencyGenerateInDDl>true</existDependencyGenerateInDDl>
<parsed>true</parsed>
<columns itemClass="oracle.dbtools.crest.model.design.relational.Column">
<Column name="Amount" id="CAC40767-82DA-7958-5CF7-30F91BEF7047">
<createdBy>wra1th</createdBy>
<createdTime>2017-04-18 23:34:38 UTC</createdTime>
<ownerDesignName>Rel_model</ownerDesignName>
<nullsAllowed>true</nullsAllowed>
<useDomainConstraints>false</useDomainConstraints>
<use>1</use>
<logicalDatatype>LOGDT011</logicalDatatype>
<ownDataTypeParameters>,,</ownDataTypeParameters>
<autoIncrementCycle>false</autoIncrementCycle>
</Column>
<Column name="Invoice_No" id="0C3341E5-07BB-4FED-B986-52A3CB04BAE5">
<createdBy>wra1th</createdBy>
<createdTime>2017-04-18 23:34:38 UTC</createdTime>
<ownerDesignName>Rel_model</ownerDesignName>
<useDomainConstraints>false</useDomainConstraints>
<use>1</use>
<logicalDatatype>LOGDT011</logicalDatatype>
<ownDataTypeParameters>,,</ownDataTypeParameters>
<autoIncrementCycle>false</autoIncrementCycle>
</Column>
</columns>
<indexes itemClass="oracle.dbtools.crest.model.design.relational.Index">
<ind_PK_UK id="6CC16697-AB94-37E7-2655-D350E0EECEF0" name="INVOICE_PK">
<createdBy>wra1th</createdBy>
<createdTime>2017-04-18 23:34:52 UTC</createdTime>
<ownerDesignName>Rel_model</ownerDesignName>
<pk>true</pk>
<indexState>Primary Constraint</indexState>
<isSurrogateKey>false</isSurrogateKey>
<indexColumnUsage>
<colUsage columnID="0C3341E5-07BB-4FED-B986-52A3CB04BAE5"/>
</indexColumnUsage>
</ind_PK_UK>
</indexes>
</Table>