<?xml version = '1.0' encoding = 'UTF-8'?>
<Table class="oracle.dbtools.crest.model.design.relational.Table" directorySegmentName="seg_0" id="8B8CA9FA-571E-3F04-AAE3-929A3B235030" name="STAFF">
<createdBy>wra1th</createdBy>
<createdTime>2017-04-18 23:38:33 UTC</createdTime>
<ownerDesignName>Rel_model</ownerDesignName>
<ordsAlias>table_12</ordsAlias>
<allowColumnReorder>false</allowColumnReorder>
<existDependencyGenerateInDDl>true</existDependencyGenerateInDDl>
<parsed>true</parsed>
<columns itemClass="oracle.dbtools.crest.model.design.relational.Column">
<Column name="Staff_Id" id="5F0BBAA5-AA61-71E8-35E1-760D0C29BCED">
<createdBy>wra1th</createdBy>
<createdTime>2017-04-18 23:40:23 UTC</createdTime>
<ownerDesignName>Rel_model</ownerDesignName>
<useDomainConstraints>false</useDomainConstraints>
<use>1</use>
<logicalDatatype>LOGDT011</logicalDatatype>
<ownDataTypeParameters>,,</ownDataTypeParameters>
<autoIncrementCycle>false</autoIncrementCycle>
</Column>
<Column name="Department" id="4C3E0329-DA3E-5CD5-7573-F2EB3CA47BC2">
<createdBy>wra1th</createdBy>
<createdTime>2017-04-18 23:40:23 UTC</createdTime>
<ownerDesignName>Rel_model</ownerDesignName>
<nullsAllowed>true</nullsAllowed>
<useDomainConstraints>false</useDomainConstraints>
<use>1</use>
<logicalDatatype>LOGDT024</logicalDatatype>
<dataTypeSize>20</dataTypeSize>
<ownDataTypeParameters>20,,</ownDataTypeParameters>
<autoIncrementCycle>false</autoIncrementCycle>
</Column>
<Column name="Working_Hours" id="498DC33D-1430-176B-5C96-5C68100A24AF">
<createdBy>wra1th</createdBy>
<createdTime>2017-04-18 23:40:23 UTC</createdTime>
<ownerDesignName>Rel_model</ownerDesignName>
<nullsAllowed>true</nullsAllowed>
<useDomainConstraints>false</useDomainConstraints>
<use>1</use>
<logicalDatatype>LOGDT024</logicalDatatype>
<dataTypeSize>20</dataTypeSize>
<ownDataTypeParameters>20,,</ownDataTypeParameters>
<autoIncrementCycle>false</autoIncrementCycle>
</Column>
<Column name="Assigned_Vehicle_Id" id="93AB522F-A3BE-0DDF-B861-1972CA8E05AA">
<createdBy>wra1th</createdBy>
<createdTime>2017-04-18 23:40:23 UTC</createdTime>
<ownerDesignName>Rel_model</ownerDesignName>
<useDomainConstraints>false</useDomainConstraints>
<use>1</use>
<logicalDatatype>LOGDT011</logicalDatatype>
<ownDataTypeParameters>,,</ownDataTypeParameters>
<autoIncrementCycle>false</autoIncrementCycle>
<associations>
<colAssociation fkAssociation="CF8718DF-1744-C80E-28A2-B9082DB945C1" referredColumn="FA20DCE3-16DA-FD91-CBA6-12FF60A4CFF5"/>
</associations>
</Column>
</columns>
<indexes itemClass="oracle.dbtools.crest.model.design.relational.Index">
<ind_PK_UK id="DFC88CF9-FAC6-E620-0864-70E822EAEAEA" name="STAFF_PK">
<createdBy>wra1th</createdBy>
<createdTime>2017-04-18 23:40:23 UTC</createdTime>
<ownerDesignName>Rel_model</ownerDesignName>
<pk>true</pk>
<indexState>Primary Constraint</indexState>
<isSurrogateKey>false</isSurrogateKey>
<indexColumnUsage>
<colUsage columnID="5F0BBAA5-AA61-71E8-35E1-760D0C29BCED"/>
</indexColumnUsage>
</ind_PK_UK>
<ind_PK_UK id="466F72C3-2CB5-DEC3-3D5C-ADFC4D1C3DB1" name="STAFF_VEHICLE_FK">
<createdBy>wra1th</createdBy>
<createdTime>2017-04-18 23:53:27 UTC</createdTime>
<ownerDesignName>Rel_model</ownerDesignName>
<indexState>Foreign Key</indexState>
<isSurrogateKey>false</isSurrogateKey>
<indexColumnUsage>
<colUsage columnID="93AB522F-A3BE-0DDF-B861-1972CA8E05AA"/>
</indexColumnUsage>
</ind_PK_UK>
</indexes>
</Table>