<?xml version = '1.0' encoding = 'UTF-8'?>
<Table class="oracle.dbtools.crest.model.design.relational.Table" directorySegmentName="seg_0" id="C1CBA513-055E-E5E6-E3E9-0515D304C151" name="FI_GENERATES_INVOICE">
<createdBy>wra1th</createdBy>
<createdTime>2017-04-18 23:42:34 UTC</createdTime>
<ownerDesignName>Rel_model</ownerDesignName>
<ordsAlias>table_14</ordsAlias>
<allowColumnReorder>false</allowColumnReorder>
<existDependencyGenerateInDDl>true</existDependencyGenerateInDDl>
<parsed>true</parsed>
<columns itemClass="oracle.dbtools.crest.model.design.relational.Column">
<Column name="Invoice_No" id="39B5A74F-43E4-FDF5-915B-D45F344561A9">
<createdBy>wra1th</createdBy>
<createdTime>2017-04-18 23:44:35 UTC</createdTime>
<ownerDesignName>Rel_model</ownerDesignName>
<useDomainConstraints>false</useDomainConstraints>
<use>1</use>
<logicalDatatype>LOGDT011</logicalDatatype>
<ownDataTypeParameters>,,</ownDataTypeParameters>
<autoIncrementCycle>false</autoIncrementCycle>
<associations>
<colAssociation fkAssociation="75857449-8111-6BC5-78AE-CAC75DE38802" referredColumn="0C3341E5-07BB-4FED-B986-52A3CB04BAE5"/>
</associations>
</Column>
<Column name="Flight_No" id="3195827C-D60C-9A9D-663E-EA06054F22D1">
<createdBy>wra1th</createdBy>
<createdTime>2017-04-18 23:44:35 UTC</createdTime>
<ownerDesignName>Rel_model</ownerDesignName>
<useDomainConstraints>false</useDomainConstraints>
<use>1</use>
<logicalDatatype>LOGDT011</logicalDatatype>
<ownDataTypeParameters>,,</ownDataTypeParameters>
<autoIncrementCycle>false</autoIncrementCycle>
<associations>
<colAssociation fkAssociation="BD285097-8B93-34DD-6DE1-AE28BE6CD33F" referredColumn="F351325A-3647-277E-EACF-ABAF312ED3A9"/>
</associations>
</Column>
<Column name="Date" id="ABFF9590-2ACE-BB64-5C63-058E0DEE4839">
<createdBy>wra1th</createdBy>
<createdTime>2017-04-18 23:44:35 UTC</createdTime>
<ownerDesignName>Rel_model</ownerDesignName>
<useDomainConstraints>false</useDomainConstraints>
<use>1</use>
<logicalDatatype>LOGDT007</logicalDatatype>
<ownDataTypeParameters>,,</ownDataTypeParameters>
<autoIncrementCycle>false</autoIncrementCycle>
<associations>
<colAssociation fkAssociation="30D77CAC-A8B8-A759-040B-D86DC631396C" referredColumn="5FE256D7-E038-9DFF-F135-956E1CBE0387"/>
</associations>
</Column>
<Column name="Carrier_Id" id="39B5EE4E-63BF-8C71-E084-A8A773F1E96A">
<createdBy>wra1th</createdBy>
<createdTime>2017-04-18 23:44:36 UTC</createdTime>
<ownerDesignName>Rel_model</ownerDesignName>
<useDomainConstraints>false</useDomainConstraints>
<use>1</use>
<logicalDatatype>LOGDT011</logicalDatatype>
<ownDataTypeParameters>,,</ownDataTypeParameters>
<autoIncrementCycle>false</autoIncrementCycle>
</Column>
</columns>
<indexes itemClass="oracle.dbtools.crest.model.design.relational.Index">
<ind_PK_UK id="78EA2A75-DCDC-A819-9674-7AE139CEB499" name="FI_GENERATES_INVOICE_PK">
<createdBy>wra1th</createdBy>
<createdTime>2017-04-18 23:48:24 UTC</createdTime>
<ownerDesignName>Rel_model</ownerDesignName>
<pk>true</pk>
<indexState>Primary Constraint</indexState>
<isSurrogateKey>false</isSurrogateKey>
<indexColumnUsage>
<colUsage columnID="39B5EE4E-63BF-8C71-E084-A8A773F1E96A"/>
</indexColumnUsage>
</ind_PK_UK>
<ind_PK_UK id="A9BF241E-6C25-D015-2155-C5A9CBEC582D" name="TABLE_14_INVOICE_FK">
<createdBy>wra1th</createdBy>
<createdTime>2017-04-18 23:44:36 UTC</createdTime>
<ownerDesignName>Rel_model</ownerDesignName>
<indexState>Foreign Key</indexState>
<isSurrogateKey>false</isSurrogateKey>
<indexColumnUsage>
<colUsage columnID="39B5A74F-43E4-FDF5-915B-D45F344561A9"/>
</indexColumnUsage>
</ind_PK_UK>
<ind_PK_UK id="4BC7367C-F434-96ED-31A7-35B3D0CFFD1E" name="TABLE_14_FLIGHT_FK">
<createdBy>wra1th</createdBy>
<createdTime>2017-04-18 23:44:36 UTC</createdTime>
<ownerDesignName>Rel_model</ownerDesignName>
<indexState>Foreign Key</indexState>
<isSurrogateKey>false</isSurrogateKey>
<indexColumnUsage>
<colUsage columnID="3195827C-D60C-9A9D-663E-EA06054F22D1"/>
</indexColumnUsage>
</ind_PK_UK>
<ind_PK_UK id="27602106-5264-36EF-4A24-EAB2146E3314" name="TABLE_14_FLIGHT_INSTANCE_FK">
<createdBy>wra1th</createdBy>
<createdTime>2017-04-18 23:44:36 UTC</createdTime>
<ownerDesignName>Rel_model</ownerDesignName>
<indexState>Foreign Key</indexState>
<isSurrogateKey>false</isSurrogateKey>
<indexColumnUsage>
<colUsage columnID="ABFF9590-2ACE-BB64-5C63-058E0DEE4839"/>
</indexColumnUsage>
</ind_PK_UK>
</indexes>
</Table>