<?xml version = '1.0' encoding = 'UTF-8'?>
<Table class="oracle.dbtools.crest.model.design.relational.Table" directorySegmentName="seg_0" id="E00F716D-CCA2-B6C5-2A32-6FFE8133216B" name="FLIGHT_OPERATIONAL_DAYS">
<createdBy>wra1th</createdBy>
<createdTime>2017-04-18 23:21:41 UTC</createdTime>
<ownerDesignName>Rel_model</ownerDesignName>
<ordsAlias>table_6</ordsAlias>
<allowColumnReorder>false</allowColumnReorder>
<existDependencyGenerateInDDl>true</existDependencyGenerateInDDl>
<parsed>true</parsed>
<columns itemClass="oracle.dbtools.crest.model.design.relational.Column">
<Column name="Flight_No" id="83327826-18F7-7A12-013E-D294EA491923">
<createdBy>wra1th</createdBy>
<createdTime>2017-04-18 23:23:13 UTC</createdTime>
<ownerDesignName>Rel_model</ownerDesignName>
<useDomainConstraints>false</useDomainConstraints>
<use>1</use>
<logicalDatatype>LOGDT011</logicalDatatype>
<ownDataTypeParameters>,,</ownDataTypeParameters>
<autoIncrementCycle>false</autoIncrementCycle>
<associations>
<colAssociation fkAssociation="7059136A-5BC2-FCB7-F4C1-A51EBBB3A748" referredColumn="F351325A-3647-277E-EACF-ABAF312ED3A9"/>
</associations>
</Column>
<Column name="Operational_Days" id="8A1FFE84-7880-93C6-B63B-3E544073901C">
<createdBy>wra1th</createdBy>
<createdTime>2017-04-18 23:23:13 UTC</createdTime>
<ownerDesignName>Rel_model</ownerDesignName>
<nullsAllowed>true</nullsAllowed>
<useDomainConstraints>false</useDomainConstraints>
<use>1</use>
<logicalDatatype>LOGDT024</logicalDatatype>
<dataTypeSize>20</dataTypeSize>
<ownDataTypeParameters>20,,</ownDataTypeParameters>
<autoIncrementCycle>false</autoIncrementCycle>
</Column>
</columns>
<indexes itemClass="oracle.dbtools.crest.model.design.relational.Index">
<ind_PK_UK id="FA07721B-7309-E8F1-6A05-9CE1D423F942" name="FLIGHT_OPERATIONAL_DAYS_FLIGHT_FK">
<createdBy>wra1th</createdBy>
<createdTime>2017-04-18 23:33:36 UTC</createdTime>
<ownerDesignName>Rel_model</ownerDesignName>
<indexState>Foreign Key</indexState>
<isSurrogateKey>false</isSurrogateKey>
<indexColumnUsage>
<colUsage columnID="83327826-18F7-7A12-013E-D294EA491923"/>
</indexColumnUsage>
</ind_PK_UK>
</indexes>
</Table>