<?xml version = '1.0' encoding = 'UTF-8'?>
<Table class="oracle.dbtools.crest.model.design.relational.Table" directorySegmentName="seg_0" id="EBF94A4F-D084-A6B4-1663-DC6990BB0A75" name="ATC_CONTROLS_FI">
<createdBy>wra1th</createdBy>
<createdTime>2017-04-18 23:34:56 UTC</createdTime>
<ownerDesignName>Rel_model</ownerDesignName>
<ordsAlias>table_9</ordsAlias>
<allowColumnReorder>false</allowColumnReorder>
<existDependencyGenerateInDDl>true</existDependencyGenerateInDDl>
<parsed>true</parsed>
<columns itemClass="oracle.dbtools.crest.model.design.relational.Column">
<Column name="Tower_Id" id="DFD78148-AAFF-2A0E-BD7D-850D2FBC4AAC">
<createdBy>wra1th</createdBy>
<createdTime>2017-04-18 23:36:08 UTC</createdTime>
<ownerDesignName>Rel_model</ownerDesignName>
<useDomainConstraints>false</useDomainConstraints>
<use>1</use>
<logicalDatatype>LOGDT011</logicalDatatype>
<ownDataTypeParameters>,,</ownDataTypeParameters>
<autoIncrementCycle>false</autoIncrementCycle>
<associations>
<colAssociation fkAssociation="CB214AF5-18B3-9869-D3BC-26628E6B494A" referredColumn="8C56152E-A3B7-954D-F63D-677A1CBE19D8"/>
</associations>
</Column>
<Column name="Date" id="38040C36-4B58-11A9-F639-A895CFAD1A43">
<createdBy>wra1th</createdBy>
<createdTime>2017-04-18 23:36:08 UTC</createdTime>
<ownerDesignName>Rel_model</ownerDesignName>
<useDomainConstraints>false</useDomainConstraints>
<use>1</use>
<logicalDatatype>LOGDT007</logicalDatatype>
<ownDataTypeParameters>,,</ownDataTypeParameters>
<autoIncrementCycle>false</autoIncrementCycle>
<associations>
<colAssociation fkAssociation="B20C0F5C-32A3-9B08-41B7-EC9F9BCA192F" referredColumn="5FE256D7-E038-9DFF-F135-956E1CBE0387"/>
</associations>
</Column>
</columns>
<indexes itemClass="oracle.dbtools.crest.model.design.relational.Index">
<ind_PK_UK id="3EA1858A-2563-9CE2-16E8-4AEBD70D33FC" name="FLIGHT_INSTANCE_FK">
<createdBy>wra1th</createdBy>
<createdTime>2017-04-18 23:36:08 UTC</createdTime>
<ownerDesignName>Rel_model</ownerDesignName>
<indexState>Foreign Key</indexState>
<isSurrogateKey>false</isSurrogateKey>
<indexColumnUsage>
<colUsage columnID="38040C36-4B58-11A9-F639-A895CFAD1A43"/>
</indexColumnUsage>
</ind_PK_UK>
<ind_PK_UK id="68C06153-0D53-6198-4101-7F947C7ED7DA" name="ATC_CONTROLS_FI_ATC_FK">
<createdBy>wra1th</createdBy>
<createdTime>2017-04-18 23:37:31 UTC</createdTime>
<ownerDesignName>Rel_model</ownerDesignName>
<indexState>Foreign Key</indexState>
<isSurrogateKey>false</isSurrogateKey>
<indexColumnUsage>
<colUsage columnID="DFD78148-AAFF-2A0E-BD7D-850D2FBC4AAC"/>
</indexColumnUsage>
</ind_PK_UK>
</indexes>
</Table>