<?xml version = '1.0' encoding = 'UTF-8'?>
<Table class="oracle.dbtools.crest.model.design.relational.Table" directorySegmentName="seg_0" id="F1550B00-41E5-27B8-DCD6-E684CC1DB070" name="VEHICLE">
<createdBy>wra1th</createdBy>
<createdTime>2017-04-18 23:37:43 UTC</createdTime>
<ownerDesignName>Rel_model</ownerDesignName>
<ordsAlias>table_11</ordsAlias>
<allowColumnReorder>false</allowColumnReorder>
<existDependencyGenerateInDDl>true</existDependencyGenerateInDDl>
<parsed>true</parsed>
<columns itemClass="oracle.dbtools.crest.model.design.relational.Column">
<Column name="VID" id="FA20DCE3-16DA-FD91-CBA6-12FF60A4CFF5">
<createdBy>wra1th</createdBy>
<createdTime>2017-04-18 23:38:30 UTC</createdTime>
<ownerDesignName>Rel_model</ownerDesignName>
<useDomainConstraints>false</useDomainConstraints>
<use>1</use>
<logicalDatatype>LOGDT011</logicalDatatype>
<ownDataTypeParameters>,,</ownDataTypeParameters>
<autoIncrementCycle>false</autoIncrementCycle>
</Column>
<Column name="Vehicle_Type" id="9E8AB3C2-69A2-2D14-4CD7-38C8BAF0B2D8">
<createdBy>wra1th</createdBy>
<createdTime>2017-04-18 23:38:30 UTC</createdTime>
<ownerDesignName>Rel_model</ownerDesignName>
<nullsAllowed>true</nullsAllowed>
<useDomainConstraints>false</useDomainConstraints>
<use>1</use>
<logicalDatatype>LOGDT024</logicalDatatype>
<dataTypeSize>20</dataTypeSize>
<ownDataTypeParameters>20,,</ownDataTypeParameters>
<autoIncrementCycle>false</autoIncrementCycle>
</Column>
</columns>
<indexes itemClass="oracle.dbtools.crest.model.design.relational.Index">
<ind_PK_UK id="CABAB75B-0A33-01C3-4753-6CCDE34AC656" name="VEHICLE_PK">
<createdBy>wra1th</createdBy>
<createdTime>2017-04-18 23:38:30 UTC</createdTime>
<ownerDesignName>Rel_model</ownerDesignName>
<pk>true</pk>
<indexState>Primary Constraint</indexState>
<isSurrogateKey>false</isSurrogateKey>
<indexColumnUsage>
<colUsage columnID="FA20DCE3-16DA-FD91-CBA6-12FF60A4CFF5"/>
</indexColumnUsage>
</ind_PK_UK>
</indexes>
</Table>