<?xml version = '1.0' encoding = 'UTF-8'?>
<Table class="oracle.dbtools.crest.model.design.relational.Table" directorySegmentName="seg_0" id="FBCD84AE-F771-3D3F-202B-F666F2971326" name="FLIGHT_INSTANCE">
<createdBy>wra1th</createdBy>
<createdTime>2017-04-18 23:16:34 UTC</createdTime>
<ownerDesignName>Rel_model</ownerDesignName>
<ordsAlias>table_4</ordsAlias>
<allowColumnReorder>false</allowColumnReorder>
<existDependencyGenerateInDDl>true</existDependencyGenerateInDDl>
<parsed>true</parsed>
<columns itemClass="oracle.dbtools.crest.model.design.relational.Column">
<Column name="Flight_No" id="B8B8C8CA-7B0C-0F67-D97C-03940C1D3C4F">
<createdBy>wra1th</createdBy>
<createdTime>2017-04-18 23:19:31 UTC</createdTime>
<ownerDesignName>Rel_model</ownerDesignName>
<useDomainConstraints>false</useDomainConstraints>
<use>1</use>
<logicalDatatype>LOGDT011</logicalDatatype>
<ownDataTypeParameters>,,</ownDataTypeParameters>
<autoIncrementCycle>false</autoIncrementCycle>
<associations>
<colAssociation fkAssociation="69C18C4E-6EE4-0245-7259-74BB3DBE6091" referredColumn="F351325A-3647-277E-EACF-ABAF312ED3A9"/>
</associations>
</Column>
<Column name="Date" id="5FE256D7-E038-9DFF-F135-956E1CBE0387">
<createdBy>wra1th</createdBy>
<createdTime>2017-04-18 23:19:31 UTC</createdTime>
<ownerDesignName>Rel_model</ownerDesignName>
<useDomainConstraints>false</useDomainConstraints>
<use>1</use>
<logicalDatatype>LOGDT007</logicalDatatype>
<ownDataTypeParameters>,,</ownDataTypeParameters>
<autoIncrementCycle>false</autoIncrementCycle>
</Column>
<Column name="Estimated_arrival_time" id="29082F6F-FD5E-319A-B755-0BCA390B3F78">
<createdBy>wra1th</createdBy>
<createdTime>2017-04-18 23:19:31 UTC</createdTime>
<ownerDesignName>Rel_model</ownerDesignName>
<nullsAllowed>true</nullsAllowed>
<useDomainConstraints>false</useDomainConstraints>
<use>1</use>
<logicalDatatype>LOGDT014</logicalDatatype>
<ownDataTypeParameters>,,</ownDataTypeParameters>
<autoIncrementCycle>false</autoIncrementCycle>
</Column>
<Column name="Estimated_Departure_Time" id="6FF786F3-82F8-0963-4801-73130E4101A9">
<createdBy>wra1th</createdBy>
<createdTime>2017-04-18 23:19:31 UTC</createdTime>
<ownerDesignName>Rel_model</ownerDesignName>
<nullsAllowed>true</nullsAllowed>
<useDomainConstraints>false</useDomainConstraints>
<use>1</use>
<logicalDatatype>LOGDT014</logicalDatatype>
<ownDataTypeParameters>,,</ownDataTypeParameters>
<autoIncrementCycle>false</autoIncrementCycle>
</Column>
<Column name="Seat_Availability" id="06FDEEC8-1C45-679A-C0BF-C1E13F6E3CB8">
<createdBy>wra1th</createdBy>
<createdTime>2017-04-18 23:19:31 UTC</createdTime>
<ownerDesignName>Rel_model</ownerDesignName>
<nullsAllowed>true</nullsAllowed>
<useDomainConstraints>false</useDomainConstraints>
<use>1</use>
<logicalDatatype>LOGDT025</logicalDatatype>
<ownDataTypeParameters>,,</ownDataTypeParameters>
<autoIncrementCycle>false</autoIncrementCycle>
</Column>
<Column name="Check_In_Time" id="77669561-33C9-F684-97A8-38AF72855E86">
<createdBy>wra1th</createdBy>
<createdTime>2017-04-18 23:19:31 UTC</createdTime>
<ownerDesignName>Rel_model</ownerDesignName>
<nullsAllowed>true</nullsAllowed>
<useDomainConstraints>false</useDomainConstraints>
<use>1</use>
<logicalDatatype>LOGDT014</logicalDatatype>
<ownDataTypeParameters>,,</ownDataTypeParameters>
<autoIncrementCycle>false</autoIncrementCycle>
</Column>
</columns>
<indexes itemClass="oracle.dbtools.crest.model.design.relational.Index">
<ind_PK_UK id="D01127BC-CEC7-9BF6-3F0B-451D4BA2266D" name="FLIGHT_INSTANCE_PK">
<createdBy>wra1th</createdBy>
<createdTime>2017-04-18 23:27:37 UTC</createdTime>
<ownerDesignName>Rel_model</ownerDesignName>
<pk>true</pk>
<indexState>Primary Constraint</indexState>
<isSurrogateKey>false</isSurrogateKey>
<indexColumnUsage>
<colUsage columnID="5FE256D7-E038-9DFF-F135-956E1CBE0387"/>
</indexColumnUsage>
</ind_PK_UK>
<ind_PK_UK id="8DFCD7EC-FD91-25F1-5D66-11C54555EA91" name="FLIGHT_INSTANCE_FLIGHT_FK">
<createdBy>wra1th</createdBy>
<createdTime>2017-04-18 23:27:37 UTC</createdTime>
<ownerDesignName>Rel_model</ownerDesignName>
<indexState>Foreign Key</indexState>
<isSurrogateKey>false</isSurrogateKey>
<indexColumnUsage>
<colUsage columnID="B8B8C8CA-7B0C-0F67-D97C-03940C1D3C4F"/>
</indexColumnUsage>
</ind_PK_UK>
</indexes>
</Table>