<?xml version = '1.0' encoding = 'UTF-8'?>
<FKIndexAssociation class="oracle.dbtools.crest.model.design.relational.FKIndexAssociation" directorySegmentName="seg_0" id="0D6A382F-59DC-06A9-315F-2A3CD50C7B18" containerWithKeyObject="14C1BF1B-E59A-6142-3DA4-9A09B8B3103E" localFKIndex="94709C16-96F0-E11C-3A91-F945336654C7" name="RESOURCE_FLIGHT_FK">
<createdBy>wra1th</createdBy>
<createdTime>2017-04-18 23:29:08 UTC</createdTime>
<ownerDesignName>Rel_model</ownerDesignName>
<referredTableLongName>FLIGHT</referredTableLongName>
<deleteRule>NO ACTION</deleteRule>
<referredTableID>162436A8-ED11-07DC-1E51-4CCE57D388EF</referredTableID>
<keyObject>E21427EF-3B33-BEF3-9323-1253A91EC964</keyObject>
<referredKeyID>E21427EF-3B33-BEF3-9323-1253A91EC964</referredKeyID>
<mandatory>true</mandatory>
<refColNames>Flight_No</refColNames>
<transferable>false</transferable>
<rely>false</rely>
<columnDependencyConstraintGenerateInDDL>true</columnDependencyConstraintGenerateInDDL>
</FKIndexAssociation>