<?xml version = '1.0' encoding = 'UTF-8'?>
<FKIndexAssociation class="oracle.dbtools.crest.model.design.relational.FKIndexAssociation" directorySegmentName="seg_0" id="30D77CAC-A8B8-A759-040B-D86DC631396C" containerWithKeyObject="C1CBA513-055E-E5E6-E3E9-0515D304C151" localFKIndex="27602106-5264-36EF-4A24-EAB2146E3314" name="TABLE_14_FLIGHT_INSTANCE_FK">
<createdBy>wra1th</createdBy>
<createdTime>2017-04-18 23:44:36 UTC</createdTime>
<ownerDesignName>Rel_model</ownerDesignName>
<referredTableLongName>FLIGHT_INSTANCE</referredTableLongName>
<deleteRule>NO ACTION</deleteRule>
<referredTableID>FBCD84AE-F771-3D3F-202B-F666F2971326</referredTableID>
<keyObject>D01127BC-CEC7-9BF6-3F0B-451D4BA2266D</keyObject>
<referredKeyID>D01127BC-CEC7-9BF6-3F0B-451D4BA2266D</referredKeyID>
<mandatory>true</mandatory>
<refColNames>Date</refColNames>
<transferable>false</transferable>
<rely>false</rely>
<columnDependencyConstraintGenerateInDDL>true</columnDependencyConstraintGenerateInDDL>
</FKIndexAssociation>