<?xml version = '1.0' encoding = 'UTF-8'?>
<FKIndexAssociation class="oracle.dbtools.crest.model.design.relational.FKIndexAssociation" directorySegmentName="seg_0" id="3694A8C7-6608-ED7D-CAE7-CC72CE952562" containerWithKeyObject="47EFC418-3964-EA56-2D2D-3404D11611B5" localFKIndex="8B465DD1-6193-E900-EB1F-A106BB10F9B5" name="VENDOR_GENERATES_INVOICE_VENDOR_FK">
<createdBy>wra1th</createdBy>
<createdTime>2017-04-18 23:48:03 UTC</createdTime>
<ownerDesignName>Rel_model</ownerDesignName>
<referredTableLongName>VENDOR</referredTableLongName>
<deleteRule>NO ACTION</deleteRule>
<referredTableID>01A88550-6DE2-0864-9EEA-582CDF2C3CF9</referredTableID>
<keyObject>591F52D9-F634-5AC9-6953-C4636E361197</keyObject>
<referredKeyID>591F52D9-F634-5AC9-6953-C4636E361197</referredKeyID>
<mandatory>true</mandatory>
<refColNames>Shop_No</refColNames>
<transferable>true</transferable>
<rely>false</rely>
<columnDependencyConstraintGenerateInDDL>true</columnDependencyConstraintGenerateInDDL>
</FKIndexAssociation>