<?xml version = '1.0' encoding = 'UTF-8'?>
<FKIndexAssociation class="oracle.dbtools.crest.model.design.relational.FKIndexAssociation" directorySegmentName="seg_0" id="69C18C4E-6EE4-0245-7259-74BB3DBE6091" containerWithKeyObject="FBCD84AE-F771-3D3F-202B-F666F2971326" localFKIndex="8DFCD7EC-FD91-25F1-5D66-11C54555EA91" name="FLIGHT_INSTANCE_FLIGHT_FK">
<createdBy>wra1th</createdBy>
<createdTime>2017-04-18 23:27:37 UTC</createdTime>
<ownerDesignName>Rel_model</ownerDesignName>
<referredTableLongName>FLIGHT</referredTableLongName>
<deleteRule>NO ACTION</deleteRule>
<referredTableID>162436A8-ED11-07DC-1E51-4CCE57D388EF</referredTableID>
<keyObject>E21427EF-3B33-BEF3-9323-1253A91EC964</keyObject>
<referredKeyID>E21427EF-3B33-BEF3-9323-1253A91EC964</referredKeyID>
<mandatory>true</mandatory>
<refColNames>Flight_No</refColNames>
<transferable>false</transferable>
<rely>false</rely>
<columnDependencyConstraintGenerateInDDL>true</columnDependencyConstraintGenerateInDDL>
</FKIndexAssociation>