<?xml version = '1.0' encoding = 'UTF-8'?>
<FKIndexAssociation class="oracle.dbtools.crest.model.design.relational.FKIndexAssociation" directorySegmentName="seg_0" id="7059136A-5BC2-FCB7-F4C1-A51EBBB3A748" containerWithKeyObject="E00F716D-CCA2-B6C5-2A32-6FFE8133216B" localFKIndex="FA07721B-7309-E8F1-6A05-9CE1D423F942" name="FLIGHT_OPERATIONAL_DAYS_FLIGHT_FK">
<createdBy>wra1th</createdBy>
<createdTime>2017-04-18 23:33:36 UTC</createdTime>
<ownerDesignName>Rel_model</ownerDesignName>
<referredTableLongName>FLIGHT</referredTableLongName>
<deleteRule>NO ACTION</deleteRule>
<referredTableID>162436A8-ED11-07DC-1E51-4CCE57D388EF</referredTableID>
<keyObject>E21427EF-3B33-BEF3-9323-1253A91EC964</keyObject>
<referredKeyID>E21427EF-3B33-BEF3-9323-1253A91EC964</referredKeyID>
<mandatory>true</mandatory>
<refColNames>Flight_No</refColNames>
<transferable>false</transferable>
<rely>false</rely>
<columnDependencyConstraintGenerateInDDL>true</columnDependencyConstraintGenerateInDDL>
</FKIndexAssociation>