<?xml version = '1.0' encoding = 'UTF-8'?>
<FKIndexAssociation class="oracle.dbtools.crest.model.design.relational.FKIndexAssociation" directorySegmentName="seg_0" id="75857449-8111-6BC5-78AE-CAC75DE38802" containerWithKeyObject="C1CBA513-055E-E5E6-E3E9-0515D304C151" localFKIndex="A9BF241E-6C25-D015-2155-C5A9CBEC582D" name="TABLE_14_INVOICE_FK">
<createdBy>wra1th</createdBy>
<createdTime>2017-04-18 23:44:36 UTC</createdTime>
<ownerDesignName>Rel_model</ownerDesignName>
<referredTableLongName>INVOICE</referredTableLongName>
<deleteRule>NO ACTION</deleteRule>
<referredTableID>4E664424-0C28-61BD-AF2F-B263C3E45A01</referredTableID>
<keyObject>6CC16697-AB94-37E7-2655-D350E0EECEF0</keyObject>
<referredKeyID>6CC16697-AB94-37E7-2655-D350E0EECEF0</referredKeyID>
<mandatory>true</mandatory>
<refColNames>Invoice_No</refColNames>
<transferable>false</transferable>
<rely>false</rely>
<columnDependencyConstraintGenerateInDDL>true</columnDependencyConstraintGenerateInDDL>
</FKIndexAssociation>