<?xml version = '1.0' encoding = 'UTF-8'?>
<FKIndexAssociation class="oracle.dbtools.crest.model.design.relational.FKIndexAssociation" directorySegmentName="seg_0" id="8A3A4461-F23D-6DBE-9A1F-BA553461187E" containerWithKeyObject="14C1BF1B-E59A-6142-3DA4-9A09B8B3103E" localFKIndex="7C91000F-C59A-32AD-1188-7DF409D75AED" name="RESOURCE_FLIGHT_INSTANCE_FK">
<createdBy>wra1th</createdBy>
<createdTime>2017-04-18 23:29:08 UTC</createdTime>
<ownerDesignName>Rel_model</ownerDesignName>
<referredTableLongName>FLIGHT_INSTANCE</referredTableLongName>
<deleteRule>NO ACTION</deleteRule>
<referredTableID>FBCD84AE-F771-3D3F-202B-F666F2971326</referredTableID>
<keyObject>D01127BC-CEC7-9BF6-3F0B-451D4BA2266D</keyObject>
<referredKeyID>D01127BC-CEC7-9BF6-3F0B-451D4BA2266D</referredKeyID>
<mandatory>true</mandatory>
<refColNames>Date</refColNames>
<transferable>false</transferable>
<rely>false</rely>
<columnDependencyConstraintGenerateInDDL>true</columnDependencyConstraintGenerateInDDL>
</FKIndexAssociation>