<?xml version = '1.0' encoding = 'UTF-8'?>
<FKIndexAssociation class="oracle.dbtools.crest.model.design.relational.FKIndexAssociation" directorySegmentName="seg_0" id="AD95E5FC-CD66-B1CA-641B-4DF35DCB103C" containerWithKeyObject="47EFC418-3964-EA56-2D2D-3404D11611B5" localFKIndex="276F361A-6F36-35C4-64D5-F56564FBEAC1" name="VENDOR_GENERATES_INVOICE_INVOICE_FK">
<createdBy>wra1th</createdBy>
<createdTime>2017-04-18 23:48:03 UTC</createdTime>
<ownerDesignName>Rel_model</ownerDesignName>
<referredTableLongName>INVOICE</referredTableLongName>
<deleteRule>NO ACTION</deleteRule>
<referredTableID>4E664424-0C28-61BD-AF2F-B263C3E45A01</referredTableID>
<keyObject>6CC16697-AB94-37E7-2655-D350E0EECEF0</keyObject>
<referredKeyID>6CC16697-AB94-37E7-2655-D350E0EECEF0</referredKeyID>
<mandatory>true</mandatory>
<refColNames>Invoice_No</refColNames>
<transferable>true</transferable>
<rely>false</rely>
<columnDependencyConstraintGenerateInDDL>true</columnDependencyConstraintGenerateInDDL>
</FKIndexAssociation>