<?xml version = '1.0' encoding = 'UTF-8'?>
<FKIndexAssociation class="oracle.dbtools.crest.model.design.relational.FKIndexAssociation" directorySegmentName="seg_0" id="B20C0F5C-32A3-9B08-41B7-EC9F9BCA192F" containerWithKeyObject="EBF94A4F-D084-A6B4-1663-DC6990BB0A75" localFKIndex="3EA1858A-2563-9CE2-16E8-4AEBD70D33FC" name="FLIGHT_INSTANCE_FK">
<createdBy>wra1th</createdBy>
<createdTime>2017-04-18 23:36:08 UTC</createdTime>
<ownerDesignName>Rel_model</ownerDesignName>
<referredTableLongName>FLIGHT_INSTANCE</referredTableLongName>
<deleteRule>NO ACTION</deleteRule>
<referredTableID>FBCD84AE-F771-3D3F-202B-F666F2971326</referredTableID>
<keyObject>D01127BC-CEC7-9BF6-3F0B-451D4BA2266D</keyObject>
<referredKeyID>D01127BC-CEC7-9BF6-3F0B-451D4BA2266D</referredKeyID>
<mandatory>true</mandatory>
<refColNames>Date</refColNames>
<transferable>false</transferable>
<rely>false</rely>
<columnDependencyConstraintGenerateInDDL>true</columnDependencyConstraintGenerateInDDL>
</FKIndexAssociation>