<?xml version = '1.0' encoding = 'UTF-8'?>
<FKIndexAssociation class="oracle.dbtools.crest.model.design.relational.FKIndexAssociation" directorySegmentName="seg_0" id="BD285097-8B93-34DD-6DE1-AE28BE6CD33F" containerWithKeyObject="C1CBA513-055E-E5E6-E3E9-0515D304C151" localFKIndex="4BC7367C-F434-96ED-31A7-35B3D0CFFD1E" name="TABLE_14_FLIGHT_FK">
<createdBy>wra1th</createdBy>
<createdTime>2017-04-18 23:44:36 UTC</createdTime>
<ownerDesignName>Rel_model</ownerDesignName>
<referredTableLongName>FLIGHT</referredTableLongName>
<deleteRule>NO ACTION</deleteRule>
<referredTableID>162436A8-ED11-07DC-1E51-4CCE57D388EF</referredTableID>
<keyObject>E21427EF-3B33-BEF3-9323-1253A91EC964</keyObject>
<referredKeyID>E21427EF-3B33-BEF3-9323-1253A91EC964</referredKeyID>
<mandatory>true</mandatory>
<refColNames>Flight_No</refColNames>
<transferable>false</transferable>
<rely>false</rely>
<columnDependencyConstraintGenerateInDDL>true</columnDependencyConstraintGenerateInDDL>
</FKIndexAssociation>