<?xml version = '1.0' encoding = 'UTF-8'?>
<FKIndexAssociation class="oracle.dbtools.crest.model.design.relational.FKIndexAssociation" directorySegmentName="seg_0" id="CB214AF5-18B3-9869-D3BC-26628E6B494A" containerWithKeyObject="EBF94A4F-D084-A6B4-1663-DC6990BB0A75" localFKIndex="68C06153-0D53-6198-4101-7F947C7ED7DA" name="ATC_CONTROLS_FI_ATC_FK">
<createdBy>wra1th</createdBy>
<createdTime>2017-04-18 23:37:31 UTC</createdTime>
<ownerDesignName>Rel_model</ownerDesignName>
<referredTableLongName>ATC</referredTableLongName>
<deleteRule>NO ACTION</deleteRule>
<referredTableID>4A9F12FF-0A2B-0DD1-8BD3-167A57288F04</referredTableID>
<keyObject>3E9A1EA1-FF59-5B0D-EC17-D3A9755CEBB5</keyObject>
<referredKeyID>3E9A1EA1-FF59-5B0D-EC17-D3A9755CEBB5</referredKeyID>
<mandatory>true</mandatory>
<refColNames>Tower_Id</refColNames>
<transferable>false</transferable>
<rely>false</rely>
<columnDependencyConstraintGenerateInDDL>true</columnDependencyConstraintGenerateInDDL>
</FKIndexAssociation>