<?xml version = '1.0' encoding = 'UTF-8'?>
<FKIndexAssociation class="oracle.dbtools.crest.model.design.relational.FKIndexAssociation" directorySegmentName="seg_0" id="CF8718DF-1744-C80E-28A2-B9082DB945C1" containerWithKeyObject="8B8CA9FA-571E-3F04-AAE3-929A3B235030" localFKIndex="466F72C3-2CB5-DEC3-3D5C-ADFC4D1C3DB1" name="STAFF_VEHICLE_FK">
<createdBy>wra1th</createdBy>
<createdTime>2017-04-18 23:53:27 UTC</createdTime>
<ownerDesignName>Rel_model</ownerDesignName>
<referredTableLongName>VEHICLE</referredTableLongName>
<deleteRule>NO ACTION</deleteRule>
<referredTableID>F1550B00-41E5-27B8-DCD6-E684CC1DB070</referredTableID>
<keyObject>CABAB75B-0A33-01C3-4753-6CCDE34AC656</keyObject>
<referredKeyID>CABAB75B-0A33-01C3-4753-6CCDE34AC656</referredKeyID>
<mandatory>true</mandatory>
<refColNames>VID</refColNames>
<transferable>true</transferable>
<rely>false</rely>
<columnDependencyConstraintGenerateInDDL>true</columnDependencyConstraintGenerateInDDL>
</FKIndexAssociation>